[{"categoryString":"EXTENSION","dateBuilt":"2022-07-02","nonVisible":"true","iconName":"aiwebres/icon.png","methods":[{"deprecated":"false","name":"Create","description":"Create bottom bar in a view","params":[{"name":"view","type":"component"}]},{"deprecated":"false","name":"AddTab","description":"Add a new tab","params":[{"name":"icon","type":"text"},{"name":"title","type":"text"},{"name":"id","type":"number"}]},{"deprecated":"false","name":"AddTabAt","description":"Add a new tab at specific index","params":[{"name":"index","type":"number"},{"name":"icon","type":"text"},{"name":"title","type":"text"},{"name":"id","type":"number"}]},{"deprecated":"false","name":"RemoveTab","description":"Remove tab at specific index","params":[{"name":"index","type":"number"}]},{"deprecated":"false","name":"RemoveTabById","description":"Remove tab with id","params":[{"name":"id","type":"number"}]},{"deprecated":"false","name":"SelectTab","description":"Select tab at index","params":[{"name":"index","type":"number"},{"name":"animate","type":"boolean"}]},{"deprecated":"false","name":"SelectTabById","description":"Select tab at index","params":[{"name":"id","type":"number"},{"name":"animate","type":"boolean"}]},{"deprecated":"false","name":"SetEnabled","description":"Enabled or Disable a tab","params":[{"name":"index","type":"number"},{"name":"enabled","type":"boolean"}]},{"deprecated":"false","name":"SetEnabledById","description":"Enabled or Disable a tab","params":[{"name":"id","type":"number"},{"name":"enabled","type":"boolean"}]},{"deprecated":"false","name":"SetBadge","description":"Set badge at index","params":[{"name":"index","type":"number"},{"name":"text","type":"text"}]},{"deprecated":"false","name":"SetBadgeById","description":"Set badge by id","params":[{"name":"id","type":"number"},{"name":"text","type":"text"}]},{"deprecated":"false","name":"ClearBadge","description":"Clear badge at index","params":[{"name":"index","type":"number"}]},{"deprecated":"false","name":"ClearBadgeById","description":"Clear badge by id","params":[{"name":"id","type":"number"}]}],"blockProperties":[{"rw":"write-only","deprecated":"false","name":"BackgroundColor","description":"Set background color for bottom bar","type":"number"},{"rw":"write-only","deprecated":"false","name":"TabColor","description":"Set tab color","type":"number"},{"rw":"write-only","deprecated":"false","name":"SelectedColor","description":"Set selected tab color","type":"number"},{"rw":"write-only","deprecated":"false","name":"DisabledColor","description":"Set disabled tab color","type":"number"},{"rw":"write-only","deprecated":"false","name":"RippleColor","description":"Set ripple color for tab","type":"number"},{"rw":"write-only","deprecated":"false","name":"RippleEnabled","description":"Enabled/Disable ripple","type":"boolean"},{"rw":"write-only","deprecated":"false","name":"IndicatorColor","description":"Set indicator color","type":"number"},{"rw":"write-only","deprecated":"false","name":"TabType","description":"Set tab type. Default value is Icon","type":"text"},{"rw":"read-only","deprecated":"false","name":"TabTypeIcon","description":"Tab Type : Icon","type":"text"},{"rw":"read-only","deprecated":"false","name":"TabTypeText","description":"Tab Type : Text","type":"text"},{"rw":"write-only","deprecated":"false","name":"Elevation","description":"Set bottom app elevation","type":"number"},{"rw":"write-only","deprecated":"false","name":"IndicatorMargin","description":"Set indicator margin","type":"number"},{"rw":"write-only","deprecated":"false","name":"IndicatorHeight","description":"Set indicator height","type":"number"},{"rw":"write-only","deprecated":"false","name":"IndicatorPosition","description":"Set indicator position. Default value is Top","type":"text"},{"rw":"read-only","deprecated":"false","name":"IndicatorTop","description":"Indicator position : Top","type":"text"},{"rw":"read-only","deprecated":"false","name":"IndicatorBottom","description":"Indicator position : Bottom","type":"text"},{"rw":"write-only","deprecated":"false","name":"IndicatorShape","description":"","type":"text"},{"rw":"read-only","deprecated":"false","name":"SquareIndicator","description":"Indicator Appearance : Square Indicator","type":"text"},{"rw":"read-only","deprecated":"false","name":"RoundIndicator","description":"Indicator Appearance : Round Indicator","type":"text"},{"rw":"read-only","deprecated":"false","name":"InvisibleIndicator","description":"Indicator Appearance : Invisible Indicator","type":"text"},{"rw":"write-only","deprecated":"false","name":"IconSize","description":"Set icon size","type":"number"},{"rw":"write-only","deprecated":"false","name":"TextSize","description":"Set text size","type":"number"},{"rw":"write-only","deprecated":"false","name":"Typeface","description":"Set custom font typeface","type":"text"},{"rw":"write-only","deprecated":"false","name":"AnimationDuration","description":"Set animation duration in milliseconds","type":"number"},{"rw":"write-only","deprecated":"false","name":"Interpolator","description":"Set interpolator","type":"text"},{"rw":"write-only","deprecated":"false","name":"BadgeBackground","description":"Set badge background color","type":"number"},{"rw":"write-only","deprecated":"false","name":"BadgeTextColor","description":"Set badge text color","type":"number"},{"rw":"write-only","deprecated":"false","name":"BadgeTextSize","description":"Set badge text color","type":"number"},{"rw":"write-only","deprecated":"false","name":"BadgeAnimationDuration","description":"Set badge animation duration","type":"number"},{"rw":"read-only","deprecated":"false","name":"FastOutSlowIn","description":"Interpolator : Fast Out Slow In","type":"text"},{"rw":"read-only","deprecated":"false","name":"FastOutLinearIn","description":"Interpolator : Fast Out Linear In","type":"text"},{"rw":"read-only","deprecated":"false","name":"LinearOutSlowIn","description":"Interpolator : Linear Out Slow In","type":"text"},{"rw":"write-only","deprecated":"false","name":"TabAnimation","description":"Set tab animation","type":"text"},{"rw":"write-only","deprecated":"false","name":"SelectedTabAnimation","description":"Set selected tab animation","type":"text"},{"rw":"write-only","deprecated":"false","name":"IndicatorAnimation","description":"Set selected tab animation","type":"text"},{"rw":"write-only","deprecated":"false","name":"BadgeAnimation","description":"Set badge animation","type":"text"},{"rw":"read-only","deprecated":"false","name":"AnimationSlide","description":"Slide Animation","type":"text"},{"rw":"read-only","deprecated":"false","name":"AnimationFade","description":"Fade Animation","type":"text"},{"rw":"read-only","deprecated":"false","name":"AnimationNone","description":"No Animation","type":"text"},{"rw":"read-only","deprecated":"false","name":"AnimationScale","description":"Scale Animation (Note: Scale animation is available only for badge)","type":"text"}],"helpUrl":"","licenseName":"","type":"com.dreamers.bottombar.BottomBar","androidMinSdk":7,"versionName":"1.0","version":"124","external":"true","showOnPalette":"true","name":"BottomBar","helpString":"<p>A customizable and easy to use BottomBar navigation view with sleek animations.<\/p>\n","events":[{"deprecated":"false","name":"OnTabSelected","description":"Event raised when a tab is selected","params":[{"name":"index","type":"number"},{"name":"id","type":"number"}]}],"properties":[{"defaultValue":"&HFFFFFFFF","alwaysSend":"false","name":"BackgroundColor","editorArgs":[],"editorType":"color"},{"defaultValue":"&HFF4C4C4C","alwaysSend":"false","name":"TabColor","editorArgs":[],"editorType":"color"},{"defaultValue":"&HFF02B3EF","alwaysSend":"false","name":"SelectedColor","editorArgs":[],"editorType":"color"},{"defaultValue":"&HFF9E9E9E","alwaysSend":"false","name":"DisabledColor","editorArgs":[],"editorType":"color"},{"defaultValue":"&HFF6ED1FE","alwaysSend":"false","name":"RippleColor","editorArgs":[],"editorType":"color"},{"defaultValue":"True","alwaysSend":"false","name":"RippleEnabled","editorArgs":[],"editorType":"boolean"},{"defaultValue":"&HFF02B3EF","alwaysSend":"false","name":"IndicatorColor","editorArgs":[],"editorType":"color"},{"defaultValue":"Icon","alwaysSend":"false","name":"TabType","editorArgs":["Text","Icon"],"editorType":"choices"},{"defaultValue":"2","alwaysSend":"false","name":"Elevation","editorArgs":[],"editorType":"non_negative_float"},{"defaultValue":"0","alwaysSend":"false","name":"IndicatorMargin","editorArgs":[],"editorType":"non_negative_integer"},{"defaultValue":"2","alwaysSend":"false","name":"IndicatorHeight","editorArgs":[],"editorType":"non_negative_integer"},{"defaultValue":"Top","alwaysSend":"false","name":"IndicatorPosition","editorArgs":["Bottom","Top"],"editorType":"choices"},{"defaultValue":"Square Indicator","alwaysSend":"false","name":"IndicatorShape","editorArgs":["Square Indicator","Round Indicator","Invisible Indicator"],"editorType":"choices"},{"defaultValue":"24","alwaysSend":"false","name":"IconSize","editorArgs":[],"editorType":"non_negative_integer"},{"defaultValue":"14","alwaysSend":"false","name":"TextSize","editorArgs":[],"editorType":"non_negative_integer"},{"defaultValue":"","alwaysSend":"false","name":"Typeface","editorArgs":[],"editorType":"asset"},{"defaultValue":"400","alwaysSend":"false","name":"AnimationDuration","editorArgs":[],"editorType":"non_negative_integer"},{"defaultValue":"Fast Out Slow In","alwaysSend":"false","name":"Interpolator","editorArgs":["Fast Out Slow In","Fast Out Linear In","Linear Out Slow In"],"editorType":"choices"},{"defaultValue":"&HFF02B3EF","alwaysSend":"false","name":"BadgeBackground","editorArgs":[],"editorType":"color"},{"defaultValue":"&HFFFFFFFF","alwaysSend":"false","name":"BadgeTextColor","editorArgs":[],"editorType":"color"},{"defaultValue":"10","alwaysSend":"false","name":"BadgeTextSize","editorArgs":[],"editorType":"non_negative_integer"},{"defaultValue":"150","alwaysSend":"false","name":"BadgeAnimationDuration","editorArgs":[],"editorType":"non_negative_integer"},{"defaultValue":"Slide Animation","alwaysSend":"false","name":"TabAnimation","editorArgs":["Fade Animation","Slide Animation","No Animation"],"editorType":"choices"},{"defaultValue":"Slide Animation","alwaysSend":"false","name":"SelectedTabAnimation","editorArgs":["Fade Animation","Slide Animation","No Animation"],"editorType":"choices"},{"defaultValue":"Slide Animation","alwaysSend":"false","name":"IndicatorAnimation","editorArgs":["Fade Animation","Slide Animation","No Animation"],"editorType":"choices"},{"defaultValue":"Scale Animation","alwaysSend":"false","name":"BadgeAnimation","editorArgs":["Fade Animation","Scale Animation","No Animation"],"editorType":"choices"}]}]