[{"categoryString":"EXTENSION","dateBuilt":"2022-07-02","nonVisible":"true","iconName":"aiwebres/icon.png","methods":[{"deprecated":"false","name":"Add","description":"\n        Add a new menu item.\n        \n        id - A unique integer that is used to identify each menu item\n        title - Title for menu item\n        enabled - Set whether the item is enable or not\n        color - Background color for menu item\n        checked - Set whether the item is checked or not\n    ","params":[{"name":"id","type":"number"},{"name":"title","type":"text"},{"name":"icon","type":"text"},{"name":"enabled","type":"boolean"},{"name":"color","type":"number"},{"name":"checked","type":"boolean"}]},{"deprecated":"false","name":"Initialize","description":"\n        Initialize TabBar in a view. Make sure to add all the menu items before initializing.\n        \n        layout - Any horizontal or vertical arrangement inside which you want to place TabBar\n    ","params":[{"name":"layout","type":"component"}]},{"deprecated":"false","name":"Select","description":"\n        Select item at position.\n        \n        id - A unique integer that is used to identify each menu item\n    ","params":[{"name":"id","type":"number"}]}],"blockProperties":[{"rw":"write-only","deprecated":"false","name":"IconColor","description":"Icon color.","type":"number"},{"rw":"write-only","deprecated":"false","name":"IconPadding","description":"Icon color.","type":"number"},{"rw":"write-only","deprecated":"false","name":"HorizontalPadding","description":"Icon color.","type":"number"},{"rw":"write-only","deprecated":"false","name":"VerticalPadding","description":"Icon color.","type":"number"},{"rw":"write-only","deprecated":"false","name":"IconSize","description":"Icon color.","type":"number"},{"rw":"write-only","deprecated":"false","name":"TitleSize","description":"Icon color.","type":"number"},{"rw":"write-only","deprecated":"false","name":"CornerRadius","description":"Icon color.","type":"number"},{"rw":"write-only","deprecated":"false","name":"Typeface","description":"Add a custom font from assets","type":"text"}],"helpUrl":"https://zainulhassan815.github.io/dreamers-lab-web/extensions/bubble-tabbar","licenseName":"/LICENSE","type":"com.dreamers.bubbletabbar.BubbleTabBar","androidMinSdk":7,"versionName":"1.0.0","version":"6","external":"true","showOnPalette":"true","name":"BubbleTabBar","helpString":"<p>BubbleTabBar is bottom navigation bar with customizable bubble like tabs.<\/p>\n","events":[{"deprecated":"false","name":"OnSelected","description":"\n        Event raised when menu item is selected.\n        \n        id - A unique integer that is used to identify each menu item\n    ","params":[{"name":"id","type":"number"}]}],"properties":[{"defaultValue":"&HFF808080","alwaysSend":"false","name":"IconColor","editorArgs":[],"editorType":"color"},{"defaultValue":"5","alwaysSend":"false","name":"IconPadding","editorArgs":[],"editorType":"non_negative_integer"},{"defaultValue":"15","alwaysSend":"false","name":"HorizontalPadding","editorArgs":[],"editorType":"non_negative_integer"},{"defaultValue":"10","alwaysSend":"false","name":"VerticalPadding","editorArgs":[],"editorType":"non_negative_integer"},{"defaultValue":"20","alwaysSend":"false","name":"IconSize","editorArgs":[],"editorType":"non_negative_integer"},{"defaultValue":"12","alwaysSend":"false","name":"TitleSize","editorArgs":[],"editorType":"non_negative_integer"},{"defaultValue":"25","alwaysSend":"false","name":"CornerRadius","editorArgs":[],"editorType":"non_negative_integer"},{"defaultValue":"","alwaysSend":"false","name":"Typeface","editorArgs":[],"editorType":"asset"}]}]